lon,lat,elevation_m,source_name,source_url,retrieved_at,provisional
-121.9,37.48,174.806503296,USGS EPQS,https://epqs.nationalmap.gov,2026-05-03T02:57:59.023Z,true
-121.885,37.48,351.543853760,USGS EPQS,https://epqs.nationalmap.gov,2026-05-03T02:57:59.023Z,true
-121.87,37.48,599.710815430,USGS EPQS,https://epqs.nationalmap.gov,2026-05-03T02:57:59.023Z,true
-121.855,37.48,603.481750488,USGS EPQS,https://epqs.nationalmap.gov,2026-05-03T02:57:59.023Z,true
-121.84,37.48,485.692504883,USGS EPQS,https://epqs.nationalmap.gov,2026-05-03T02:57:59.023Z,true
-121.825,37.48,221.477264404,USGS EPQS,https://epqs.nationalmap.gov,2026-05-03T02:57:59.023Z,true
-121.81,37.48,274.941741943,USGS EPQS,https://epqs.nationalmap.gov,2026-05-03T02:57:59.023Z,true
-121.795,37.48,472.950073242,USGS EPQS,https://epqs.nationalmap.gov,2026-05-03T02:57:59.023Z,true
-121.78,37.48,580.958007812,USGS EPQS,https://epqs.nationalmap.gov,2026-05-03T02:57:59.023Z,true
-121.765,37.48,761.408020020,USGS EPQS,https://epqs.nationalmap.gov,2026-05-03T02:57:59.023Z,true
-121.75,37.48,695.118408203,USGS EPQS,https://epqs.nationalmap.gov,2026-05-03T02:57:59.023Z,true
-121.9,37.495,190.249237061,USGS EPQS,https://epqs.nationalmap.gov,2026-05-03T02:57:59.023Z,true
-121.885,37.495,392.270416260,USGS EPQS,https://epqs.nationalmap.gov,2026-05-03T02:57:59.023Z,true
-121.87,37.495,706.435607910,USGS EPQS,https://epqs.nationalmap.gov,2026-05-03T02:57:59.023Z,true
-121.855,37.495,652.298645020,USGS EPQS,https://epqs.nationalmap.gov,2026-05-03T02:57:59.023Z,true
-121.84,37.495,382.382019043,USGS EPQS,https://epqs.nationalmap.gov,2026-05-03T02:57:59.023Z,true
-121.825,37.495,308.951141357,USGS EPQS,https://epqs.nationalmap.gov,2026-05-03T02:57:59.023Z,true
-121.81,37.495,364.099578857,USGS EPQS,https://epqs.nationalmap.gov,2026-05-03T02:57:59.023Z,true
-121.795,37.495,573.127929688,USGS EPQS,https://epqs.nationalmap.gov,2026-05-03T02:57:59.023Z,true
-121.78,37.495,397.173614502,USGS EPQS,https://epqs.nationalmap.gov,2026-05-03T02:57:59.023Z,true
-121.765,37.495,411.536010742,USGS EPQS,https://epqs.nationalmap.gov,2026-05-03T02:57:59.023Z,true
-121.75,37.495,506.019622803,USGS EPQS,https://epqs.nationalmap.gov,2026-05-03T02:57:59.023Z,true
-121.9,37.51,234.470458984,USGS EPQS,https://epqs.nationalmap.gov,2026-05-03T02:57:59.023Z,true
-121.885,37.51,530.931091309,USGS EPQS,https://epqs.nationalmap.gov,2026-05-03T02:57:59.023Z,true
-121.87,37.51,663.932006836,USGS EPQS,https://epqs.nationalmap.gov,2026-05-03T02:57:59.023Z,true
-121.855,37.51,545.869140625,USGS EPQS,https://epqs.nationalmap.gov,2026-05-03T02:57:59.023Z,true
-121.84,37.51,326.093048096,USGS EPQS,https://epqs.nationalmap.gov,2026-05-03T02:57:59.023Z,true
-121.825,37.51,180.825134277,USGS EPQS,https://epqs.nationalmap.gov,2026-05-03T02:57:59.023Z,true
-121.81,37.51,326.726776123,USGS EPQS,https://epqs.nationalmap.gov,2026-05-03T02:57:59.023Z,true
-121.795,37.51,426.012573242,USGS EPQS,https://epqs.nationalmap.gov,2026-05-03T02:57:59.023Z,true
-121.78,37.51,533.904113770,USGS EPQS,https://epqs.nationalmap.gov,2026-05-03T02:57:59.023Z,true
-121.765,37.51,568.281188965,USGS EPQS,https://epqs.nationalmap.gov,2026-05-03T02:57:59.023Z,true
-121.75,37.51,903.414916992,USGS EPQS,https://epqs.nationalmap.gov,2026-05-03T02:57:59.023Z,true
-121.9,37.525,368.242828369,USGS EPQS,https://epqs.nationalmap.gov,2026-05-03T02:57:59.023Z,true
-121.885,37.525,396.085235596,USGS EPQS,https://epqs.nationalmap.gov,2026-05-03T02:57:59.023Z,true
-121.87,37.525,454.216766357,USGS EPQS,https://epqs.nationalmap.gov,2026-05-03T02:57:59.023Z,true
-121.855,37.525,349.924346924,USGS EPQS,https://epqs.nationalmap.gov,2026-05-03T02:57:59.023Z,true
-121.84,37.525,277.738525391,USGS EPQS,https://epqs.nationalmap.gov,2026-05-03T02:57:59.023Z,true
-121.825,37.525,341.221649170,USGS EPQS,https://epqs.nationalmap.gov,2026-05-03T02:57:59.023Z,true
-121.81,37.525,510.713562012,USGS EPQS,https://epqs.nationalmap.gov,2026-05-03T02:57:59.023Z,true
-121.795,37.525,568.245971680,USGS EPQS,https://epqs.nationalmap.gov,2026-05-03T02:57:59.023Z,true
-121.78,37.525,710.616638184,USGS EPQS,https://epqs.nationalmap.gov,2026-05-03T02:57:59.023Z,true
-121.765,37.525,637.017456055,USGS EPQS,https://epqs.nationalmap.gov,2026-05-03T02:57:59.023Z,true
-121.75,37.525,782.864013672,USGS EPQS,https://epqs.nationalmap.gov,2026-05-03T02:57:59.023Z,true
-121.9,37.54,205.924636841,USGS EPQS,https://epqs.nationalmap.gov,2026-05-03T02:57:59.023Z,true
-121.885,37.54,335.087951660,USGS EPQS,https://epqs.nationalmap.gov,2026-05-03T02:57:59.023Z,true
-121.87,37.54,324.483154297,USGS EPQS,https://epqs.nationalmap.gov,2026-05-03T02:57:59.023Z,true
-121.855,37.54,107.035720825,USGS EPQS,https://epqs.nationalmap.gov,2026-05-03T02:57:59.023Z,true
-121.84,37.54,302.199523926,USGS EPQS,https://epqs.nationalmap.gov,2026-05-03T02:57:59.023Z,true
-121.825,37.54,339.030731201,USGS EPQS,https://epqs.nationalmap.gov,2026-05-03T02:57:59.023Z,true
-121.81,37.54,598.217346191,USGS EPQS,https://epqs.nationalmap.gov,2026-05-03T02:57:59.023Z,true
-121.795,37.54,674.495727539,USGS EPQS,https://epqs.nationalmap.gov,2026-05-03T02:57:59.023Z,true
-121.78,37.54,487.146820068,USGS EPQS,https://epqs.nationalmap.gov,2026-05-03T02:57:59.023Z,true
-121.765,37.54,661.243835449,USGS EPQS,https://epqs.nationalmap.gov,2026-05-03T02:57:59.023Z,true
-121.75,37.54,662.876281738,USGS EPQS,https://epqs.nationalmap.gov,2026-05-03T02:57:59.023Z,true
-121.9,37.555,265.388366699,USGS EPQS,https://epqs.nationalmap.gov,2026-05-03T02:57:59.023Z,true
-121.885,37.555,151.344635010,USGS EPQS,https://epqs.nationalmap.gov,2026-05-03T02:57:59.023Z,true
-121.87,37.555,152.581344604,USGS EPQS,https://epqs.nationalmap.gov,2026-05-03T02:57:59.023Z,true
-121.855,37.555,211.401977539,USGS EPQS,https://epqs.nationalmap.gov,2026-05-03T02:57:59.023Z,true
-121.84,37.555,295.383514404,USGS EPQS,https://epqs.nationalmap.gov,2026-05-03T02:57:59.023Z,true
-121.825,37.555,382.122467041,USGS EPQS,https://epqs.nationalmap.gov,2026-05-03T02:57:59.023Z,true
-121.81,37.555,377.527374268,USGS EPQS,https://epqs.nationalmap.gov,2026-05-03T02:57:59.023Z,true
-121.795,37.555,271.076599121,USGS EPQS,https://epqs.nationalmap.gov,2026-05-03T02:57:59.023Z,true
-121.78,37.555,290.636383057,USGS EPQS,https://epqs.nationalmap.gov,2026-05-03T02:57:59.023Z,true
-121.765,37.555,658.783569336,USGS EPQS,https://epqs.nationalmap.gov,2026-05-03T02:57:59.023Z,true
-121.75,37.555,707.640808105,USGS EPQS,https://epqs.nationalmap.gov,2026-05-03T02:57:59.023Z,true
-121.9,37.57,176.906753540,USGS EPQS,https://epqs.nationalmap.gov,2026-05-03T02:57:59.023Z,true
-121.885,37.57,87.198196411,USGS EPQS,https://epqs.nationalmap.gov,2026-05-03T02:57:59.023Z,true
-121.87,37.57,80.002792358,USGS EPQS,https://epqs.nationalmap.gov,2026-05-03T02:57:59.023Z,true
-121.855,37.57,181.785614014,USGS EPQS,https://epqs.nationalmap.gov,2026-05-03T02:57:59.023Z,true
-121.84,37.57,141.665222168,USGS EPQS,https://epqs.nationalmap.gov,2026-05-03T02:57:59.023Z,true
-121.825,37.57,181.571456909,USGS EPQS,https://epqs.nationalmap.gov,2026-05-03T02:57:59.023Z,true
-121.81,37.57,215.477676392,USGS EPQS,https://epqs.nationalmap.gov,2026-05-03T02:57:59.023Z,true
-121.795,37.57,243.876724243,USGS EPQS,https://epqs.nationalmap.gov,2026-05-03T02:57:59.023Z,true
-121.78,37.57,237.534133911,USGS EPQS,https://epqs.nationalmap.gov,2026-05-03T02:57:59.023Z,true
-121.765,37.57,335.775482178,USGS EPQS,https://epqs.nationalmap.gov,2026-05-03T02:57:59.023Z,true
-121.75,37.57,538.410095215,USGS EPQS,https://epqs.nationalmap.gov,2026-05-03T02:57:59.023Z,true
-121.9,37.585,223.929107666,USGS EPQS,https://epqs.nationalmap.gov,2026-05-03T02:57:59.023Z,true
-121.885,37.585,70.050010681,USGS EPQS,https://epqs.nationalmap.gov,2026-05-03T02:57:59.023Z,true
-121.87,37.585,76.076431274,USGS EPQS,https://epqs.nationalmap.gov,2026-05-03T02:57:59.023Z,true
-121.855,37.585,165.191436768,USGS EPQS,https://epqs.nationalmap.gov,2026-05-03T02:57:59.023Z,true
-121.84,37.585,163.721588135,USGS EPQS,https://epqs.nationalmap.gov,2026-05-03T02:57:59.023Z,true
-121.825,37.585,141.665222168,USGS EPQS,https://epqs.nationalmap.gov,2026-05-03T02:57:59.023Z,true
-121.81,37.585,143.503387451,USGS EPQS,https://epqs.nationalmap.gov,2026-05-03T02:57:59.023Z,true
-121.795,37.585,163.394866943,USGS EPQS,https://epqs.nationalmap.gov,2026-05-03T02:57:59.023Z,true
-121.78,37.585,186.451721191,USGS EPQS,https://epqs.nationalmap.gov,2026-05-03T02:57:59.023Z,true
-121.765,37.585,267.900909424,USGS EPQS,https://epqs.nationalmap.gov,2026-05-03T02:57:59.023Z,true
-121.75,37.585,350.315582275,USGS EPQS,https://epqs.nationalmap.gov,2026-05-03T02:57:59.023Z,true
-121.9,37.6,266.528167725,USGS EPQS,https://epqs.nationalmap.gov,2026-05-03T02:57:59.023Z,true
-121.885,37.6,133.026718140,USGS EPQS,https://epqs.nationalmap.gov,2026-05-03T02:57:59.023Z,true
-121.87,37.6,100.195579529,USGS EPQS,https://epqs.nationalmap.gov,2026-05-03T02:57:59.023Z,true
-121.855,37.6,114.131866455,USGS EPQS,https://epqs.nationalmap.gov,2026-05-03T02:57:59.023Z,true
-121.84,37.6,132.655548096,USGS EPQS,https://epqs.nationalmap.gov,2026-05-03T02:57:59.023Z,true
-121.825,37.6,160.725570679,USGS EPQS,https://epqs.nationalmap.gov,2026-05-03T02:57:59.023Z,true
-121.81,37.6,169.082138062,USGS EPQS,https://epqs.nationalmap.gov,2026-05-03T02:57:59.023Z,true
-121.795,37.6,205.054733276,USGS EPQS,https://epqs.nationalmap.gov,2026-05-03T02:57:59.023Z,true
-121.78,37.6,306.539886475,USGS EPQS,https://epqs.nationalmap.gov,2026-05-03T02:57:59.023Z,true
-121.765,37.6,382.958129883,USGS EPQS,https://epqs.nationalmap.gov,2026-05-03T02:57:59.023Z,true
-121.75,37.6,478.797210693,USGS EPQS,https://epqs.nationalmap.gov,2026-05-03T02:57:59.023Z,true
